rank,rank_score,value_score,location_score,momentum_score,zone_percentile,source,source_id,title,zone,municipality,department,area_m2,area_display,price_usd,price_per_m2,is_beachfront,has_paved_access,is_repriced,days_listed,photos_count,url,rank_reasons_short
1,63.83,100.0,35,50.0,0.0,encuentra24,32891198,Con terraza Se Vende Apartamento en PH Perla Mar San Carlos con 3 Habitaciones,san-carlos,San Carlos,Morazán,,,132000.0,,False,False,False,0,21,https://www.encuentra24.com/panama-es/bienes-raices-venta-de-propiedades-apartamentos/con-terraza-se-vende-apartamento-en-ph-perla-mar-san-carlos-con-3-habitaciones/32891198,"value 100 ($1,222.22/built-m² = 0th pct of san-carlos condo, 14 comps) | location 35 (tier-? 30, DOM 0d +5 fresh) | momentum 50 (insufficient history: 0.0d range, need ≥1d) | quality_score 45 (5/11) | weights V0.38 L0.33 M0.24 → 63.8"
2,61.11,92.9,35,50.0,7.1,encuentra24,24665686,SE VENDE PENTHOUSE NUEVO EN PLAYA VISTAMAR RESORT - EDIFICIO LAS OLAS II - DIRECTO PROPIETARIOS,san-carlos,San Carlos,Morazán,,,599000.0,,False,False,False,0,21,https://www.encuentra24.com/panama-es/bienes-raices-venta-de-propiedades-apartamentos/se-vende-penthouse-nuevo-en-playa-vistamar-resort-edificio-las-olas-ii-directo-propietarios/24665686,"value 93 ($1,453.88/built-m² = 7th pct of san-carlos condo, 14 comps) | location 35 (tier-? 30, DOM 0d +5 fresh) | momentum 50 (insufficient history: 0.0d range, need ≥1d) | quality_score 45 (5/11) | weights V0.38 L0.33 M0.24 → 61.1"
3,59.0,78.6,45,50.0,21.4,encuentra24,32148225,SAN CARLOS / PH PATRICIA ITALIA / 116M / 2 HABITACION / FRENTE AL MAR,san-carlos,San Carlos,Morazán,,,229000.0,,True,False,False,0,21,https://www.encuentra24.com/panama-es/bienes-raices-venta-de-propiedades-apartamentos/san-carlos-ph-patricia-italia-116m-2-habitacion-frente-al-mar/32148225,"value 79 ($1,974.14/built-m² = 21th pct of san-carlos condo, 14 comps) | location 45 (tier-? 30, beachfront +10, DOM 0d +5 fresh) | momentum 50 (insufficient history: 0.0d range, need ≥1d) | quality_score 45 (5/11) | weights V0.38 L0.33 M0.24 → 59.0"
4,58.39,85.7,35,50.0,14.3,encuentra24,32062537,PUNTA BARCO RESORT APARTAMENTO EN VENTA,san-carlos,San Carlos,Morazán,,,340000.0,,False,False,False,0,20,https://www.encuentra24.com/panama-es/bienes-raices-venta-de-propiedades-apartamentos/punta-barco-resort-apartamento-en-venta/32062537,"value 86 ($1,551.09/built-m² = 14th pct of san-carlos condo, 14 comps) | location 35 (tier-? 30, DOM 0d +5 fresh) | momentum 50 (insufficient history: 0.0d range, need ≥1d) | quality_score 45 (5/11) | weights V0.38 L0.33 M0.24 → 58.4"
5,57.15,83.3,34,50.0,16.7,encuentra24,32899258,COCLE / SANTA CLARA / 4 HABITACIONES / 2600 M2 / TERRAZA / JARDIN,santa-clara,Santa Clara,San Vicente,,,440000.0,,False,True,False,16,15,https://www.encuentra24.com/panama-es/bienes-raices-venta-de-propiedades-casas/cocle-santa-clara-4-habitaciones-2600-m2-terraza-jardin/32899258,"value 83 ($733.33/built-m² = 16th pct of global house, 24 comps) | location 34 (tier-? 30, paved +4) | momentum 50 (sparse zone, no signal) | quality_score 45 (5/11) | weights V0.38 L0.33 M0.24 → 57.1"
6,54.56,64.3,48,50.0,35.7,encuentra24,32639443,Condominio de Lujo con Vista al Mar en Casamar | Perlamar,san-carlos,San Carlos,Morazán,,,319900.0,,True,False,False,0,21,https://www.encuentra24.com/panama-es/bienes-raices-venta-de-propiedades-apartamentos/condominio-de-lujo-con-vista-al-mar-en-casamar-perlamar/32639443,"value 64 ($2,061.21/built-m² = 35th pct of san-carlos condo, 14 comps) | location 48 (tier-? 30, beachfront +10, power +3, DOM 0d +5 fresh) | momentum 50 (insufficient history: 0.0d range, need ≥1d) | quality_score 45 (5/11) | weights V0.38 L0.33 M0.24 → 54.6"
7,52.95,71.4,35,50.0,28.6,encuentra24,30197560,PUNTA BARCO BARCOVENTO PENTHOUSE EN VENTA,san-carlos,San Carlos,Morazán,,,650000.0,,False,False,False,0,21,https://www.encuentra24.com/panama-es/bienes-raices-venta-de-propiedades-apartamentos/punta-barco-barcovento-penthouse-en-venta/30197560,"value 71 ($1,996.99/built-m² = 28th pct of san-carlos condo, 14 comps) | location 35 (tier-? 30, DOM 0d +5 fresh) | momentum 50 (insufficient history: 0.0d range, need ≥1d) | quality_score 45 (5/11) | weights V0.38 L0.33 M0.24 → 53.0"
8,48.12,50.0,45,50.0,50.0,encuentra24,30549827,"VENTA DE APARTAMENTO EN PH PLAYA DEL SOL, SAN CARLOS (3)",san-carlos,San Carlos,Morazán,,,150000.0,,True,False,False,0,19,https://www.encuentra24.com/panama-es/bienes-raices-venta-de-propiedades-apartamentos/venta-de-apartamento-en-ph-playa-del-sol-san-carlos-3/30549827,"value 50 ($2,083.33/built-m² = 50th pct of san-carlos condo, 14 comps) | location 45 (tier-? 30, beachfront +10, DOM 0d +5 fresh) | momentum 50 (insufficient history: 0.0d range, need ≥1d) | quality_score 45 (5/11) | weights V0.38 L0.33 M0.24 → 48.1"
9,47.67,57.6,35,50.0,42.4,encuentra24,32104526,"Venta de Apartamento en Costa del Este, P.H. Lacosta Tower. ER",costa-del-sol,San Luis La Herradura,La Paz,,,410000.0,,False,False,False,0,21,https://www.encuentra24.com/panama-es/bienes-raices-venta-de-propiedades-apartamentos/venta-de-apartamento-en-costa-del-este-p-h-lacosta-tower-er/32104526,"value 58 ($2,180.85/built-m² = 42th pct of global condo, 66 comps) | location 35 (tier-? 30, DOM 0d +5 fresh) | momentum 50 (sparse zone, no signal) | quality_score 45 (5/11) | weights V0.38 L0.33 M0.24 → 47.7"
10,47.5,57.1,35,50.0,42.9,encuentra24,32950467,venta de apartamento en rio mar san carlos,san-carlos,San Carlos,Morazán,,,265000.0,,False,False,False,0,20,https://www.encuentra24.com/panama-es/bienes-raices-venta-de-propiedades-apartamentos/venta-de-apartamento-en-rio-mar-san-carlos/32950467,"value 57 ($2,070.31/built-m² = 42th pct of san-carlos condo, 14 comps) | location 35 (tier-? 30, DOM 0d +5 fresh) | momentum 50 (insufficient history: 0.0d range, need ≥1d) | quality_score 45 (5/11) | weights V0.38 L0.33 M0.24 → 47.5"
11,42.67,35.7,45,50.0,64.3,encuentra24,32857704,"Apartamento Amoblado con Vista al Mar en Venta en Perlamar, Casamar | San Carlos",san-carlos,San Carlos,Morazán,,,265000.0,,True,False,False,0,20,https://www.encuentra24.com/panama-es/bienes-raices-venta-de-propiedades-apartamentos/apartamento-amoblado-con-vista-al-mar-en-venta-en-perlamar-casamar-san-carlos/32857704,"value 36 ($2,137.10/built-m² = 64th pct of san-carlos condo, 14 comps) | location 45 (tier-? 30, beachfront +10, DOM 0d +5 fresh) | momentum 50 (insufficient history: 0.0d range, need ≥1d) | quality_score 45 (5/11) | weights V0.38 L0.33 M0.24 → 42.7"
12,42.06,42.9,35,50.0,57.1,encuentra24,32601176,¡Vista al Mar y Full Amoblado! Apto de 3 Rec + Club de Playa en San Carlos,san-carlos,San Carlos,Morazán,,,291500.0,,False,False,False,0,18,https://www.encuentra24.com/panama-es/bienes-raices-venta-de-propiedades-apartamentos/vista-al-mar-y-full-amoblado-apto-de-3-rec-club-de-playa-en-san-carlos/32601176,"value 43 ($2,126.50/built-m² = 57th pct of san-carlos condo, 14 comps) | location 35 (tier-? 30, DOM 0d +5 fresh) | momentum 50 (insufficient history: 0.0d range, need ≥1d) | quality_score 45 (5/11) | weights V0.38 L0.33 M0.24 → 42.1"
13,39.95,28.6,45,50.0,71.4,encuentra24,32979358,"Rio Mar, 3-bedroom on 22nd floor, beachfront, amazing view",san-carlos,San Carlos,Morazán,,,410000.0,,True,False,False,0,21,https://www.encuentra24.com/panama-es/bienes-raices-venta-de-propiedades-apartamentos/rio-mar-3-bedroom-on-22nd-floor-beachfront-amazing-view/32979358,"value 29 ($2,204.30/built-m² = 71th pct of san-carlos condo, 14 comps) | location 45 (tier-? 30, beachfront +10, DOM 0d +5 fresh) | momentum 50 (insufficient history: 0.0d range, need ≥1d) | quality_score 45 (5/11) | weights V0.38 L0.33 M0.24 → 40.0"
14,39.07,35.0,35,50.0,,encuentra24,32039053,PREVENTA APARTAMENTOS DE PLAYA EN CASAMAR - SAN CARLOS - CASA TIDEWAY,san-carlos,San Carlos,Morazán,,,330000.0,,False,False,False,0,11,https://www.encuentra24.com/panama-es/bienes-raices-venta-de-propiedades-casas-y-terrenos-de-playas/preventa-apartamentos-de-playa-en-casamar-san-carlos-casa-tideway/32039053,"value 35 (no $/m²) | location 35 (tier-? 30, DOM 0d +5 fresh) | momentum 50 (insufficient history: 0.0d range, need ≥1d) | quality_score 45 (5/11) | weights V0.38 L0.33 M0.24 → 39.1"
15,38.67,20.8,50,50.0,79.2,encuentra24,31995169,CASAMAR CASA FRENTE AL MAR,san-carlos,San Carlos,Morazán,,,1300000.0,,True,False,True,0,15,https://www.encuentra24.com/panama-es/bienes-raices-venta-de-propiedades-casas/casamar-casa-frente-al-mar/31995169,"value 21 ($3,752.02/built-m² = 79th pct of global house, 24 comps) | location 50 (tier-? 30, beachfront +10, DOM 0d +5 fresh, repriced +5) | momentum 50 (insufficient history: 0.0d range, need ≥1d) | quality_score 45 (5/11) | weights V0.38 L0.33 M0.24 → 38.7"
16,37.23,21.4,45,50.0,78.6,encuentra24,32764670,Apartamentos Frente al Mar en Comunidad Cerrada – San Carlos,san-carlos,San Carlos,Morazán,,,315000.0,,True,False,False,0,20,https://www.encuentra24.com/panama-es/bienes-raices-venta-de-propiedades-apartamentos/apartamentos-frente-al-mar-en-comunidad-cerrada-san-carlos/32764670,"value 21 ($2,581.97/built-m² = 78th pct of san-carlos condo, 14 comps) | location 45 (tier-? 30, beachfront +10, DOM 0d +5 fresh) | momentum 50 (insufficient history: 0.0d range, need ≥1d) | quality_score 45 (5/11) | weights V0.38 L0.33 M0.24 → 37.2"
17,34.51,14.3,45,50.0,85.7,encuentra24,32435747,APARTAMENTO EN VENTA EN PUNTA CAELO | FRENTE AL MAR,san-carlos,San Carlos,Morazán,,,450000.0,,True,False,False,0,21,https://www.encuentra24.com/panama-es/bienes-raices-venta-de-propiedades-apartamentos/apartamento-en-venta-en-punta-caelo-frente-al-mar/32435747,"value 14 ($2,601.16/built-m² = 85th pct of san-carlos condo, 14 comps) | location 45 (tier-? 30, beachfront +10, DOM 0d +5 fresh) | momentum 50 (insufficient history: 0.0d range, need ≥1d) | quality_score 45 (5/11) | weights V0.38 L0.33 M0.24 → 34.5"
18,33.59,25.0,30,50.0,75.0,encuentra24,32850866,THE WOODS – MODELO A DE 400 m² | 3 RECÁMARAS | DESDE $1.3M,santa-maria,Santa María,Usulután,,,1300000.0,,False,False,False,28,11,https://www.encuentra24.com/panama-es/bienes-raices-venta-de-propiedades-casas/the-woods-modelo-a-de-400-m-3-recamaras-desde-1-3m/32850866,"value 25 ($3,258.15/built-m² = 75th pct of global house, 24 comps) | location 30 (tier-? 30) | momentum 50 (sparse zone, no signal) | quality_score 45 (5/11) | weights V0.38 L0.33 M0.24 → 33.6"
19,31.38,6.1,45,50.0,93.9,encuentra24,31082448,ULTIMOS APARTAMENTOS DISPONIBLES EN OCEANA - SANTA MARIA,santa-maria,Santa María,Usulután,,,446842.0,,True,False,False,0,24,https://www.encuentra24.com/panama-es/bienes-raices-venta-de-propiedades-apartamentos/ultimos-apartamentos-disponibles-en-oceana-santa-maria/31082448,"value 6 ($4,424.18/built-m² = 93th pct of global condo, 66 comps) | location 45 (tier-? 30, beachfront +10, DOM 0d +5 fresh) | momentum 50 (sparse zone, no signal) | quality_score 45 (5/11) | weights V0.38 L0.33 M0.24 → 31.4"
20,28.46,7.1,35,50.0,92.9,encuentra24,31921113,"Se Vende Amoblado 177mt2, Precioso Apartamento de Playa en PH Las Olas San Carlos",san-carlos,San Carlos,Morazán,,,550000.0,,False,False,False,0,14,https://www.encuentra24.com/panama-es/bienes-raices-venta-de-propiedades-apartamentos/se-vende-amoblado-177mt2-precioso-apartamento-de-playa-en-ph-las-olas-san-carlos/31921113,"value 7 ($3,107.34/built-m² = 92th pct of san-carlos condo, 14 comps) | location 35 (tier-? 30, DOM 0d +5 fresh) | momentum 50 (insufficient history: 0.0d range, need ≥1d) | quality_score 45 (5/11) | weights V0.38 L0.33 M0.24 → 28.5"
21,69.25,98.5,53,50.0,1.5,encuentra24,32401910,Oportunidad! Se Vende Apartamento en Nueva Gorgona,,,,,,134900.0,,True,False,True,0,14,https://www.encuentra24.com/panama-es/bienes-raices-venta-de-propiedades-apartamentos/oportunidad-se-vende-apartamento-en-nueva-gorgona/32401910,"value 98 ($1,318.67/built-m² = 1th pct of global condo, 66 comps) | location 53 (tier-? 30, beachfront +10, power +3, DOM 0d +5 fresh, repriced +5) | momentum 50 (sparse zone, no signal) | quality_score 45 (5/11) | weights V0.38 L0.33 M0.24 → 69.2"
22,64.86,93.9,45,50.0,6.1,encuentra24,31509206,VENTA DE APARTAMENTO EN COCO DEL MAR PH COCO BAY FRENTE AL MAR,,,,,,475000.0,,True,False,False,0,21,https://www.encuentra24.com/panama-es/bienes-raices-venta-de-propiedades-apartamentos/venta-de-apartamento-en-coco-del-mar-ph-coco-bay-frente-al-mar/31509206,"value 94 ($1,542.21/built-m² = 6th pct of global condo, 66 comps) | location 45 (tier-? 30, beachfront +10, DOM 0d +5 fresh) | momentum 50 (sparse zone, no signal) | quality_score 45 (5/11) | weights V0.38 L0.33 M0.24 → 64.9"
23,63.12,89.4,45,50.0,10.6,encuentra24,32878506,Venta de apartamento en Playa Dorada Vacamonte - PH Altamarina (DR),,,,,,135000.0,,True,False,False,0,19,https://www.encuentra24.com/panama-es/bienes-raices-venta-de-propiedades-apartamentos/venta-de-apartamento-en-playa-dorada-vacamonte-ph-altamarina-dr/32878506,"value 89 ($1,631.81/built-m² = 10th pct of global condo, 66 comps) | location 45 (tier-? 30, beachfront +10, DOM 0d +5 fresh) | momentum 50 (sparse zone, no signal) | quality_score 45 (5/11) | weights V0.38 L0.33 M0.24 → 63.1"
24,62.68,97.0,35,50.0,3.0,encuentra24,25033239,"SE VENDE CASA DE PLAYA EN PH PUNTA PARAÍSO VILLAGE – PLAYA CORONADO, CHAME",,,,,,175000.0,,False,False,False,0,17,https://www.encuentra24.com/panama-es/bienes-raices-venta-de-propiedades-apartamentos/se-vende-casa-de-playa-en-ph-punta-paraiso-village-playa-coronado-chame/25033239,"value 97 ($1,391.87/built-m² = 3th pct of global condo, 66 comps) | location 35 (tier-? 30, DOM 0d +5 fresh) | momentum 50 (sparse zone, no signal) | quality_score 45 (5/11) | weights V0.38 L0.33 M0.24 → 62.7"
25,62.55,87.9,45,50.0,12.1,encuentra24,30526746,OCEAN FRONT CONDO 3 BEDROOM - BILTMORE,,,,,,299000.0,,True,False,False,0,10,https://www.encuentra24.com/panama-es/bienes-raices-venta-de-propiedades-apartamentos/ocean-front-condo-3-bedroom-biltmore/30526746,"value 88 ($1,698.86/built-m² = 12th pct of global condo, 66 comps) | location 45 (tier-? 30, beachfront +10, DOM 0d +5 fresh) | momentum 50 (sparse zone, no signal) | quality_score 45 (5/11) | weights V0.38 L0.33 M0.24 → 62.5"
26,62.16,100.0,30,50.0,0.0,encuentra24,32586058,"Residencia de Lujo en Alcázar Park, Coronado Golf & Country Club",,,,,,550000.0,,False,False,False,32,21,https://www.encuentra24.com/panama-es/bienes-raices-venta-de-propiedades-casas/residencia-de-lujo-en-alcazar-park-coronado-golf-amp-country-club/32586058,"value 100 ($244.44/built-m² = 0th pct of global house, 24 comps) | location 30 (tier-? 30) | momentum 50 (sparse zone, no signal) | quality_score 45 (5/11) | weights V0.38 L0.33 M0.24 → 62.2"
27,61.97,86.4,45,50.0,13.6,encuentra24,32199035,"Penthouse de Lujo Frente al Mar en PH Punta Prieta, Coronado",,,,,,549900.0,,True,False,False,0,21,https://www.encuentra24.com/panama-es/bienes-raices-venta-de-propiedades-apartamentos/penthouse-de-lujo-frente-al-mar-en-ph-punta-prieta-coronado/32199035,"value 86 ($1,756.87/built-m² = 13th pct of global condo, 66 comps) | location 45 (tier-? 30, beachfront +10, DOM 0d +5 fresh) | momentum 50 (sparse zone, no signal) | quality_score 45 (5/11) | weights V0.38 L0.33 M0.24 → 62.0"
28,61.24,81.8,48,50.0,18.2,encuentra24,16059902,"GORGONA, Edif. Biltmore Frente al Mar",,,,,,350000.0,,True,False,False,0,13,https://www.encuentra24.com/panama-es/bienes-raices-venta-de-propiedades-apartamentos/gorgona-edif-biltmore-frente-al-mar/16059902,"value 82 ($1,955.31/built-m² = 18th pct of global condo, 66 comps) | location 48 (tier-? 30, beachfront +10, power +3, DOM 0d +5 fresh) | momentum 50 (sparse zone, no signal) | quality_score 45 (5/11) | weights V0.38 L0.33 M0.24 → 61.2"
29,60.58,95.8,30,50.0,4.2,encuentra24,29890987,Venta de Casa en Playa Coronado - Calle Amanecer,,,,,,325000.0,,False,False,False,15,19,https://www.encuentra24.com/panama-es/bienes-raices-venta-de-propiedades-casas/venta-de-casa-en-playa-coronado-calle-amanecer/29890987,"value 96 ($325.00/built-m² = 4th pct of global house, 24 comps) | location 30 (tier-? 30) | momentum 50 (sparse zone, no signal) | quality_score 45 (5/11) | weights V0.38 L0.33 M0.24 → 60.6"
30,60.37,90.9,35,50.0,9.1,encuentra24,32927947,"SE VENDE APARTAMENTO CON VISTA AL MAR – PH OCEAN DRIVE, PUNTA PACÍFICA",,,,,,350000.0,,False,False,False,0,12,https://www.encuentra24.com/panama-es/bienes-raices-venta-de-propiedades-apartamentos/se-vende-apartamento-con-vista-al-mar-ph-ocean-drive-punta-pacifica/32927947,"value 91 ($1,590.91/built-m² = 9th pct of global condo, 66 comps) | location 35 (tier-? 30, DOM 0d +5 fresh) | momentum 50 (sparse zone, no signal) | quality_score 45 (5/11) | weights V0.38 L0.33 M0.24 → 60.4"
31,59.6,75.8,50,50.0,24.2,encuentra24,32525201,"Apartamento con Vista al Mar en PH Coronado Bay, Coronado",,,,,,179900.0,,True,False,True,0,20,https://www.encuentra24.com/panama-es/bienes-raices-venta-de-propiedades-apartamentos/apartamento-con-vista-al-mar-en-ph-coronado-bay-coronado/32525201,"value 76 ($1,998.89/built-m² = 24th pct of global condo, 66 comps) | location 50 (tier-? 30, beachfront +10, DOM 0d +5 fresh, repriced +5) | momentum 50 (sparse zone, no signal) | quality_score 45 (5/11) | weights V0.38 L0.33 M0.24 → 59.6"
32,58.99,91.7,30,50.0,8.3,encuentra24,32451818,Casa en venta Playa Dorada (Villa Marina II),,,,,,90000.0,,False,False,False,35,15,https://www.encuentra24.com/panama-es/bienes-raices-venta-de-propiedades-casas/casa-en-venta-playa-dorada-villa-marina-ii/32451818,"value 92 ($535.71/built-m² = 8th pct of global house, 24 comps) | location 30 (tier-? 30) | momentum 50 (sparse zone, no signal) | quality_score 45 (5/11) | weights V0.38 L0.33 M0.24 → 59.0"
33,58.06,84.8,35,50.0,15.2,encuentra24,31027720,PUNTA BARCO SOLEA APARTAMENTO EN VENTA,,,,,,350000.0,,False,False,False,0,21,https://www.encuentra24.com/panama-es/bienes-raices-venta-de-propiedades-apartamentos/punta-barco-solea-apartamento-en-venta/31027720,"value 85 ($1,874.56/built-m² = 15th pct of global condo, 66 comps) | location 35 (tier-? 30, DOM 0d +5 fresh) | momentum 50 (sparse zone, no signal) | quality_score 45 (5/11) | weights V0.38 L0.33 M0.24 → 58.1"
34,57.48,83.3,35,50.0,16.7,encuentra24,31907102,Venta de Apartamento en ph corona en la uvas,,,,,,85000.0,,False,False,False,0,21,https://www.encuentra24.com/panama-es/bienes-raices-venta-de-propiedades-apartamentos/venta-de-apartamento-en-ph-corona-en-la-uvas/31907102,"value 83 ($1,888.89/built-m² = 16th pct of global condo, 66 comps) | location 35 (tier-? 30, DOM 0d +5 fresh) | momentum 50 (sparse zone, no signal) | quality_score 45 (5/11) | weights V0.38 L0.33 M0.24 → 57.5"
35,57.4,87.5,30,50.0,12.5,encuentra24,32092491,VENTA o Alquiler Casa Las Olas Playa Dorada - PRG02,,,,,,210000.0,,False,False,False,21,16,https://www.encuentra24.com/panama-es/bienes-raices-venta-de-propiedades-casas/venta-o-alquiler-casa-las-olas-playa-dorada-prg02/32092491,"value 88 ($731.71/built-m² = 12th pct of global house, 24 comps) | location 30 (tier-? 30) | momentum 50 (sparse zone, no signal) | quality_score 45 (5/11) | weights V0.38 L0.33 M0.24 → 57.4"
36,57.35,74.2,45,50.0,25.8,encuentra24,32879687,Venta de Exclusivo Apartamento en Av Balboa  Vista al Mar2 Ph Miramar6*4324Mfk,,,,,,750000.0,,True,False,False,0,21,https://www.encuentra24.com/panama-es/bienes-raices-venta-de-propiedades-apartamentos/venta-de-exclusivo-apartamento-en-av-balboa-vista-al-mar2-ph-miramar6-4324mfk/32879687,"value 74 ($2,000.00/built-m² = 25th pct of global condo, 66 comps) | location 45 (tier-? 30, beachfront +10, DOM 0d +5 fresh) | momentum 50 (sparse zone, no signal) | quality_score 45 (5/11) | weights V0.38 L0.33 M0.24 → 57.4"
37,56.75,78.8,38,50.0,21.2,encuentra24,29985230,BARCOVENTO CON VISTAS AL MAR PUNTA BARCO,,,,,,435000.0,,False,False,False,0,21,https://www.encuentra24.com/panama-es/bienes-raices-venta-de-propiedades-apartamentos/barcovento-con-vistas-al-mar-punta-barco/29985230,"value 79 ($1,994.77/built-m² = 21th pct of global condo, 66 comps) | location 38 (tier-? 30, power +3, DOM 0d +5 fresh) | momentum 50 (sparse zone, no signal) | quality_score 45 (5/11) | weights V0.38 L0.33 M0.24 → 56.8"
38,56.62,69.7,48,50.0,30.3,encuentra24,30717562,Moderno apartamento en Punta Pacifica,,,,,,540000.0,,True,False,False,0,21,https://www.encuentra24.com/panama-es/bienes-raices-venta-de-propiedades-apartamentos/moderno-apartamento-en-punta-pacifica/30717562,"value 70 ($2,068.97/built-m² = 30th pct of global condo, 66 comps) | location 48 (tier-? 30, beachfront +10, power +3, DOM 0d +5 fresh) | momentum 50 (sparse zone, no signal) | quality_score 45 (5/11) | weights V0.38 L0.33 M0.24 → 56.6"
39,55.89,79.2,35,50.0,20.8,encuentra24,31744587,"VENTA, FULL AMOBLADA, VILLAS DEL MARIA, La Inversión perfecta para los amantes de la naturaleza!",,,,,,185000.0,,False,False,False,0,21,https://www.encuentra24.com/panama-es/bienes-raices-venta-de-propiedades-casas/venta-full-amoblada-villas-del-maria-la-inversion-perfecta-para-los-amantes-de-la-naturaleza/31744587,"value 79 ($1,051.14/built-m² = 20th pct of global house, 24 comps) | location 35 (tier-? 30, DOM 0d +5 fresh) | momentum 50 (sparse zone, no signal) | quality_score 45 (5/11) | weights V0.38 L0.33 M0.24 → 55.9"
40,53.89,65.2,45,50.0,34.8,encuentra24,32008742,SE VENDE APARTAMENTO TEN TOWER EN COSTA DEL ESTE,,,,,,950000.0,,True,False,False,0,21,https://www.encuentra24.com/panama-es/bienes-raices-venta-de-propiedades-apartamentos/se-vende-apartamento-ten-tower-en-costa-del-este/32008742,"value 65 ($2,111.11/built-m² = 34th pct of global condo, 66 comps) | location 45 (tier-? 30, beachfront +10, DOM 0d +5 fresh) | momentum 50 (sparse zone, no signal) | quality_score 45 (5/11) | weights V0.38 L0.33 M0.24 → 53.9"
41,53.44,72.7,35,50.0,27.3,encuentra24,31701824,SE VENDE APARTAMENTO EN CORONADO COUNTRY CLUB,,,,,,325000.0,,False,False,False,0,19,https://www.encuentra24.com/panama-es/bienes-raices-venta-de-propiedades-apartamentos/se-vende-apartamento-en-coronado-country-club/31701824,"value 73 ($2,031.25/built-m² = 27th pct of global condo, 66 comps) | location 35 (tier-? 30, DOM 0d +5 fresh) | momentum 50 (sparse zone, no signal) | quality_score 45 (5/11) | weights V0.38 L0.33 M0.24 → 53.4"
42,52.64,75.0,30,50.0,25.0,encuentra24,20943833,Altos del Maria - Casa Cerca del Rio,,,,,,238000.0,,False,False,False,35,15,https://www.encuentra24.com/panama-es/bienes-raices-venta-de-propiedades-casas/altos-del-maria-casa-cerca-del-rio/20943833,"value 75 ($1,133.33/built-m² = 25th pct of global house, 24 comps) | location 30 (tier-? 30) | momentum 50 (sparse zone, no signal) | quality_score 45 (5/11) | weights V0.38 L0.33 M0.24 → 52.6"
43,52.05,70.8,33,50.0,29.2,encuentra24,31268996,Venta Casa Coronado Golf,,,,,,685000.0,,False,False,False,33,19,https://www.encuentra24.com/panama-es/bienes-raices-venta-de-propiedades-casas/venta-casa-coronado-golf/31268996,"value 71 ($1,141.67/built-m² = 29th pct of global house, 24 comps) | location 33 (tier-? 30, water +3) | momentum 50 (sparse zone, no signal) | quality_score 45 (5/11) | weights V0.38 L0.33 M0.24 → 52.0"
44,51.58,59.1,45,50.0,40.9,encuentra24,32053414,Venta de APARTAMENTO de PLAYA PACÍFICO - CASAMAR,,,,,,195000.0,,True,False,False,0,19,https://www.encuentra24.com/panama-es/bienes-raices-venta-de-propiedades-apartamentos/venta-de-apartamento-de-playa-pacifico-casamar/32053414,"value 59 ($2,166.67/built-m² = 40th pct of global condo, 66 comps) | location 45 (tier-? 30, beachfront +10, DOM 0d +5 fresh) | momentum 50 (sparse zone, no signal) | quality_score 45 (5/11) | weights V0.38 L0.33 M0.24 → 51.6"
45,49.85,54.5,45,50.0,45.5,encuentra24,31155899,PH BALI LIQUIDACION DE APARTAMENTO COSTA DEL ESTE,,,,,,369000.0,,True,False,False,0,16,https://www.encuentra24.com/panama-es/bienes-raices-venta-de-propiedades-apartamentos/ph-bali-liquidacion-de-apartamento-costa-del-este/31155899,"value 55 ($2,183.43/built-m² = 45th pct of global condo, 66 comps) | location 45 (tier-? 30, beachfront +10, DOM 0d +5 fresh) | momentum 50 (sparse zone, no signal) | quality_score 45 (5/11) | weights V0.38 L0.33 M0.24 → 49.9"
46,49.82,60.6,38,50.0,39.4,encuentra24,32923919,Apartamento en Punta Pacifica I con balcón y vista al mar,,,,,,665000.0,,False,False,False,0,16,https://www.encuentra24.com/panama-es/bienes-raices-venta-de-propiedades-apartamentos/apartamento-en-punta-pacifica-i-con-balcon-y-vista-al-mar/32923919,"value 61 ($2,159.09/built-m² = 39th pct of global condo, 66 comps) | location 38 (tier-? 30, water +3, DOM 0d +5 fresh) | momentum 50 (sparse zone, no signal) | quality_score 45 (5/11) | weights V0.38 L0.33 M0.24 → 49.8"
47,49.47,66.7,30,50.0,33.3,encuentra24,28219729,HERMOSA CASA EN PLAYAMAR EN VENTA! 250K,,,,,,250000.0,,False,False,False,35,16,https://www.encuentra24.com/panama-es/bienes-raices-venta-de-propiedades-casas/hermosa-casa-en-playamar-en-venta-250k/28219729,"value 67 ($1,329.79/built-m² = 33th pct of global house, 24 comps) | location 30 (tier-? 30) | momentum 50 (sparse zone, no signal) | quality_score 45 (5/11) | weights V0.38 L0.33 M0.24 → 49.5"
48,49.12,50.0,48,50.0,50.0,encuentra24,32512845,Apartamento con Vista al Mar en PH Cocolí – Bijao Beach Club & Residences,,,,,,385000.0,,True,False,False,0,20,https://www.encuentra24.com/panama-es/bienes-raices-venta-de-propiedades-casas/apartamento-con-vista-al-mar-en-ph-cocoli-bijao-beach-club-amp-residences/32512845,"value 50 ($2,005.21/built-m² = 50th pct of global house, 24 comps) | location 48 (tier-? 30, beachfront +10, power +3, DOM 0d +5 fresh) | momentum 50 (sparse zone, no signal) | quality_score 45 (5/11) | weights V0.38 L0.33 M0.24 → 49.1"
49,48.88,62.5,33,50.0,37.5,encuentra24,30234826,EN VENTA CASA EN PLAYA CORONADO – CLUB DE GOLF,,,,,,650000.0,,False,False,False,15,19,https://www.encuentra24.com/panama-es/bienes-raices-venta-de-propiedades-casas/en-venta-casa-en-playa-coronado-club-de-golf/30234826,"value 62 ($1,438.05/built-m² = 37th pct of global house, 24 comps) | location 33 (tier-? 30, water +3) | momentum 50 (sparse zone, no signal) | quality_score 45 (5/11) | weights V0.38 L0.33 M0.24 → 48.9"
50,48.54,48.5,48,50.0,51.5,encuentra24,32694676,"Apartamento con Vista al Mar en PH Coronado Bay, Coronado",,,,,,244500.0,,True,False,False,0,21,https://www.encuentra24.com/panama-es/bienes-raices-venta-de-propiedades-apartamentos/apartamento-con-vista-al-mar-en-ph-coronado-bay-coronado/32694676,"value 48 ($2,304.43/built-m² = 51th pct of global condo, 66 comps) | location 48 (tier-? 30, beachfront +10, power +3, DOM 0d +5 fresh) | momentum 50 (sparse zone, no signal) | quality_score 45 (5/11) | weights V0.38 L0.33 M0.24 → 48.5"
51,48.12,50.0,45,50.0,50.0,encuentra24,32128926,PH YACHT CLUB - Apartamento en venta en Avenida Balboa,,,,,,440000.0,,True,False,False,0,21,https://www.encuentra24.com/panama-es/bienes-raices-venta-de-propiedades-apartamentos/ph-yacht-club-apartamento-en-venta-en-avenida-balboa/32128926,"value 50 ($2,268.04/built-m² = 50th pct of global condo, 66 comps) | location 45 (tier-? 30, beachfront +10, DOM 0d +5 fresh) | momentum 50 (sparse zone, no signal) | quality_score 45 (5/11) | weights V0.38 L0.33 M0.24 → 48.1"
52,47.29,58.3,33,50.0,41.7,encuentra24,20944006,Altos del Maria - Casa en Venta,,,,,,249900.0,,False,False,False,35,19,https://www.encuentra24.com/panama-es/bienes-raices-venta-de-propiedades-casas/altos-del-maria-casa-en-venta/20944006,"value 58 ($1,561.88/built-m² = 41th pct of global house, 24 comps) | location 33 (tier-? 30, water +3) | momentum 50 (sparse zone, no signal) | quality_score 45 (5/11) | weights V0.38 L0.33 M0.24 → 47.3"
53,47.09,56.1,35,50.0,43.9,encuentra24,32734783,"Penthouse Ultra Lujoso de 4 Habitaciones | Panamar, Coco del Mar",,,,,,1600000.0,,False,False,False,0,8,https://www.encuentra24.com/panama-es/bienes-raices-venta-de-propiedades-apartamentos/penthouse-ultra-lujoso-de-4-habitaciones-panamar-coco-del-mar/32734783,"value 56 ($2,182.81/built-m² = 43th pct of global condo, 66 comps) | location 35 (tier-? 30, DOM 0d +5 fresh) | momentum 50 (sparse zone, no signal) | quality_score 45 (5/11) | weights V0.38 L0.33 M0.24 → 47.1"
54,46.96,47.0,45,50.0,53.0,encuentra24,32530461,"Apartamento en venta en Chame, Nueva Gorgona",,,,,,300000.0,,True,False,False,0,18,https://www.encuentra24.com/panama-es/bienes-raices-venta-de-propiedades-apartamentos/apartamento-en-venta-en-chame-nueva-gorgona/32530461,"value 47 ($2,343.75/built-m² = 53th pct of global condo, 66 comps) | location 45 (tier-? 30, beachfront +10, DOM 0d +5 fresh) | momentum 50 (sparse zone, no signal) | quality_score 45 (5/11) | weights V0.38 L0.33 M0.24 → 47.0"
55,46.81,43.9,48,50.0,56.1,encuentra24,32445878,Apartamento Frente al Mar de 2 Habitaciones Llave en Mano en Nueva Gorgona | PH Royal Palm,,,,,,175000.0,,True,False,False,0,19,https://www.encuentra24.com/panama-es/bienes-raices-venta-de-propiedades-apartamentos/apartamento-frente-al-mar-de-2-habitaciones-llave-en-mano-en-nueva-gorgona-ph-royal-palm/32445878,"value 44 ($2,500.00/built-m² = 56th pct of global condo, 66 comps) | location 48 (tier-? 30, beachfront +10, power +3, DOM 0d +5 fresh) | momentum 50 (sparse zone, no signal) | quality_score 45 (5/11) | weights V0.38 L0.33 M0.24 → 46.8"
56,46.39,45.5,45,50.0,54.5,encuentra24,31910416,VENTA DE APARTAMENTOS PARA ESTRENAR EN PLAYA CARACOL | VILLAS AIRES DEL MAR,,,,,,168200.0,,True,False,False,0,18,https://www.encuentra24.com/panama-es/bienes-raices-venta-de-propiedades-apartamentos/venta-de-apartamentos-para-estrenar-en-playa-caracol-villas-aires-del-mar/31910416,"value 45 ($2,369.01/built-m² = 54th pct of global condo, 66 comps) | location 45 (tier-? 30, beachfront +10, DOM 0d +5 fresh) | momentum 50 (sparse zone, no signal) | quality_score 45 (5/11) | weights V0.38 L0.33 M0.24 → 46.4"
57,45.81,43.9,45,50.0,56.1,encuentra24,31991804,"Se vende apartamento en Royal Palm, Nueva Gorgona",,,,,,175000.0,,True,False,False,0,15,https://www.encuentra24.com/panama-es/bienes-raices-venta-de-propiedades-apartamentos/se-vende-apartamento-en-royal-palm-nueva-gorgona/31991804,"value 44 ($2,500.00/built-m² = 56th pct of global condo, 66 comps) | location 45 (tier-? 30, beachfront +10, DOM 0d +5 fresh) | momentum 50 (sparse zone, no signal) | quality_score 45 (5/11) | weights V0.38 L0.33 M0.24 → 45.8"
58,45.36,51.5,35,50.0,48.5,encuentra24,32879887,Se vende apartamento 329m2 en San Francisco con terraza y vista al mar #26-6521GE,,,,,,740000.0,,False,False,False,0,20,https://www.encuentra24.com/panama-es/bienes-raices-venta-de-propiedades-apartamentos/se-vende-apartamento-329m2-en-san-francisco-con-terraza-y-vista-al-mar-26-6521ge/32879887,"value 52 ($2,249.24/built-m² = 48th pct of global condo, 66 comps) | location 35 (tier-? 30, DOM 0d +5 fresh) | momentum 50 (sparse zone, no signal) | quality_score 45 (5/11) | weights V0.38 L0.33 M0.24 → 45.4"
59,44.7,54.2,30,50.0,45.8,encuentra24,32054112,"Venta – Casa en Bijao Residences Club, Playa Blanca BDP 4",,,,,,695000.0,,False,False,False,26,20,https://www.encuentra24.com/panama-es/bienes-raices-venta-de-propiedades-casas/venta-casa-en-bijao-residences-club-playa-blanca-bdp-4/32054112,"value 54 ($1,737.50/built-m² = 45th pct of global house, 24 comps) | location 30 (tier-? 30) | momentum 50 (sparse zone, no signal) | quality_score 45 (5/11) | weights V0.38 L0.33 M0.24 → 44.7"
60,44.65,40.9,45,50.0,59.1,encuentra24,32530533,Venta Apartamento en Chame Playa Gorgona,,,,,,315000.0,,True,False,False,0,18,https://www.encuentra24.com/panama-es/bienes-raices-venta-de-propiedades-apartamentos/venta-apartamento-en-chame-playa-gorgona/32530533,"value 41 ($2,540.32/built-m² = 59th pct of global condo, 66 comps) | location 45 (tier-? 30, beachfront +10, DOM 0d +5 fresh) | momentum 50 (sparse zone, no signal) | quality_score 45 (5/11) | weights V0.38 L0.33 M0.24 → 44.6"
61,44.08,39.4,45,50.0,60.6,encuentra24,32332057,Venta en Chame Nueva Gorgona,,,,,,370000.0,,True,False,False,0,16,https://www.encuentra24.com/panama-es/bienes-raices-venta-de-propiedades-apartamentos/venta-en-chame-nueva-gorgona/32332057,"value 39 ($2,569.44/built-m² = 60th pct of global condo, 66 comps) | location 45 (tier-? 30, beachfront +10, DOM 0d +5 fresh) | momentum 50 (sparse zone, no signal) | quality_score 45 (5/11) | weights V0.38 L0.33 M0.24 → 44.1"
62,42.53,45.8,33,50.0,54.2,encuentra24,32848250,Casa en Venta en Pedasi Playa El Toro - Con pozo de Agua y Paneles Solares 26YCG2053,,,,,,450000.0,,False,False,False,29,20,https://www.encuentra24.com/panama-es/bienes-raices-venta-de-propiedades-casas/casa-en-venta-en-pedasi-playa-el-toro-con-pozo-de-agua-y-paneles-solares-26ycg2053/32848250,"value 46 ($2,142.86/built-m² = 54th pct of global house, 24 comps) | location 33 (tier-? 30, water +3) | momentum 50 (sparse zone, no signal) | quality_score 45 (5/11) | weights V0.38 L0.33 M0.24 → 42.5"
63,41.61,41.7,35,50.0,58.3,encuentra24,32119866,Casa en Venta en Punta Barco | 605m² con Piscina y Gazebo Nueva a Estrenar,,,,,,299500.0,,False,False,False,0,21,https://www.encuentra24.com/panama-es/bienes-raices-venta-de-propiedades-casas/casa-en-venta-en-punta-barco-605m-con-piscina-y-gazebo-nueva-a-estrenar/32119866,"value 42 ($2,199.46/built-m² = 58th pct of global house, 24 comps) | location 35 (tier-? 30, DOM 0d +5 fresh) | momentum 50 (sparse zone, no signal) | quality_score 45 (5/11) | weights V0.38 L0.33 M0.24 → 41.6"
64,40.76,31.8,45,50.0,68.2,encuentra24,32663488,Tu Próxima Inversión en la Playa: Apartamento Amoblado/Listo para Generar Ingresos en Coronado,,,,,,175000.0,,True,False,False,0,18,https://www.encuentra24.com/panama-es/bienes-raices-venta-de-propiedades-apartamentos/tu-proxima-inversion-en-la-playa-apartamento-amoblado-listo-para-generar-ingresos-en-coronado/32663488,"value 32 ($2,692.31/built-m² = 68th pct of global condo, 66 comps) | location 45 (tier-? 30, beachfront +10, DOM 0d +5 fresh) | momentum 50 (sparse zone, no signal) | quality_score 36 (4/11) | weights V0.38 L0.33 M0.24 → 40.8"
65,40.46,27.3,48,50.0,72.7,encuentra24,32895419,Amplio Apartamento Frente al Mar con Vista al Océano en PH Ocean Waves,,,La Paz,,,399900.0,,True,False,False,0,18,https://www.encuentra24.com/panama-es/bienes-raices-venta-de-propiedades-apartamentos/amplio-apartamento-frente-al-mar-con-vista-al-oceano-en-ph-ocean-waves/32895419,"value 27 ($2,782.49/built-m² = 72th pct of global condo, 66 comps) | location 48 (tier-? 30, beachfront +10, power +3, DOM 0d +5 fresh) | momentum 50 (sparse zone, no signal) | quality_score 45 (5/11) | weights V0.38 L0.33 M0.24 → 40.5"
66,40.04,28.8,45,50.0,71.2,encuentra24,32967595,Apartamento de Lujo Remodelado Frente al Mar | Ocean Waves,,,,,,265000.0,,True,False,False,0,18,https://www.encuentra24.com/panama-es/bienes-raices-venta-de-propiedades-apartamentos/apartamento-de-lujo-remodelado-frente-al-mar-ocean-waves/32967595,"value 29 ($2,704.08/built-m² = 71th pct of global condo, 66 comps) | location 45 (tier-? 30, beachfront +10, DOM 0d +5 fresh) | momentum 50 (sparse zone, no signal) | quality_score 45 (5/11) | weights V0.38 L0.33 M0.24 → 40.0"
67,40.02,37.5,35,50.0,62.5,encuentra24,32805358,Residencia de lujo en venta frente al lago en Buenaventura,,,,,,1950000.0,,False,False,False,0,15,https://www.encuentra24.com/panama-es/bienes-raices-venta-de-propiedades-casas/residencia-de-lujo-en-venta-frente-al-lago-en-buenaventura/32805358,"value 38 ($2,539.06/built-m² = 62th pct of global house, 24 comps) | location 35 (tier-? 30, DOM 0d +5 fresh) | momentum 50 (sparse zone, no signal) | quality_score 45 (5/11) | weights V0.38 L0.33 M0.24 → 40.0"
68,39.07,35.0,35,50.0,,encuentra24,32667227,"VENTA DE APARTAMENTO VISTA AL MAR, VENTANAS DEL MAR 3, PLAYA CARACOL (2)",,,,,,260000.0,,False,False,False,0,19,https://www.encuentra24.com/panama-es/bienes-raices-venta-de-propiedades-apartamentos/venta-de-apartamento-vista-al-mar-ventanas-del-mar-3-playa-caracol-2/32667227,"value 35 (no $/m²) | location 35 (tier-? 30, DOM 0d +5 fresh) | momentum 50 (sparse zone, no signal) | quality_score 45 (5/11) | weights V0.38 L0.33 M0.24 → 39.1"
69,39.01,34.8,35,50.0,65.2,encuentra24,32840629,MAREA - COSTA DEL ESTE,,,,,,1650000.0,,False,False,False,0,20,https://www.encuentra24.com/panama-es/bienes-raices-venta-de-propiedades-apartamentos/marea-costa-del-este/32840629,"value 35 ($2,619.05/built-m² = 65th pct of global condo, 66 comps) | location 35 (tier-? 30, DOM 0d +5 fresh) | momentum 50 (sparse zone, no signal) | quality_score 45 (5/11) | weights V0.38 L0.33 M0.24 → 39.0"
71,38.43,33.3,35,50.0,66.7,encuentra24,32655647,Venta de casa de playa en Chumico Redondo,,,,,,2600000.0,,False,False,False,0,17,https://www.encuentra24.com/panama-es/bienes-raices-venta-de-propiedades-casas/venta-de-casa-de-playa-en-chumico-redondo/32655647,"value 33 ($2,947.85/built-m² = 66th pct of global house, 24 comps) | location 35 (tier-? 30, DOM 0d +5 fresh) | momentum 50 (sparse zone, no signal) | quality_score 45 (5/11) | weights V0.38 L0.33 M0.24 → 38.4"
72,38.43,33.3,35,50.0,66.7,encuentra24,32699568,Apartamento en Playa Caracol | Comunidad Cerrada Tipo Resort en Punta Chame,,,,,,199900.0,,False,False,False,0,20,https://www.encuentra24.com/panama-es/bienes-raices-venta-de-propiedades-apartamentos/apartamento-en-playa-caracol-comunidad-cerrada-tipo-resort-en-punta-chame/32699568,"value 33 ($2,641.73/built-m² = 66th pct of global condo, 66 comps) | location 35 (tier-? 30, DOM 0d +5 fresh) | momentum 50 (sparse zone, no signal) | quality_score 45 (5/11) | weights V0.38 L0.33 M0.24 → 38.4"
73,38.3,24.2,45,50.0,75.8,encuentra24,32867521,"Vendo Apartamento Frente al Mar en Playa Caracol | 100% Amoblado | $218,000",,,,,,218000.0,,True,False,False,0,13,https://www.encuentra24.com/panama-es/bienes-raices-venta-de-propiedades-apartamentos/vendo-apartamento-frente-al-mar-en-playa-caracol-100-amoblado-218-000/32867521,"value 24 ($2,906.67/built-m² = 75th pct of global condo, 66 comps) | location 45 (tier-? 30, beachfront +10, DOM 0d +5 fresh) | momentum 50 (sparse zone, no signal) | quality_score 45 (5/11) | weights V0.38 L0.33 M0.24 → 38.3"
74,37.28,30.3,35,50.0,69.7,encuentra24,32939747,"Grand Tower Punta Pacífica | Vista al Mar | US$348,000",,,,,,348000.0,,False,False,False,0,21,https://www.encuentra24.com/panama-es/bienes-raices-venta-de-propiedades-apartamentos/grand-tower-punta-pacifica-vista-al-mar-us-348-000/32939747,"value 30 ($2,697.67/built-m² = 69th pct of global condo, 66 comps) | location 35 (tier-? 30, DOM 0d +5 fresh) | momentum 50 (sparse zone, no signal) | quality_score 45 (5/11) | weights V0.38 L0.33 M0.24 → 37.3"
75,36.18,29.2,33,50.0,70.8,encuentra24,31965053,Venta de Casa en Playa Venao,,,,,,395000.0,,False,False,False,30,11,https://www.encuentra24.com/panama-es/bienes-raices-venta-de-propiedades-casas/venta-de-casa-en-playa-venao/31965053,"value 29 ($3,110.24/built-m² = 70th pct of global house, 24 comps) | location 33 (tier-? 30, water +3) | momentum 50 (sparse zone, no signal) | quality_score 45 (5/11) | weights V0.38 L0.33 M0.24 → 36.2"
76,35.55,25.8,35,50.0,74.2,encuentra24,25387867,"Apartamento en Venta - PH Casa Bonita, Playa Bonita",,,,,,360000.0,,False,False,False,0,17,https://www.encuentra24.com/panama-es/bienes-raices-venta-de-propiedades-apartamentos/apartamento-en-venta-ph-casa-bonita-playa-bonita/25387867,"value 26 ($2,903.23/built-m² = 74th pct of global condo, 66 comps) | location 35 (tier-? 30, DOM 0d +5 fresh) | momentum 50 (sparse zone, no signal) | quality_score 45 (5/11) | weights V0.38 L0.33 M0.24 → 35.5"
77,34.84,15.2,45,50.0,84.8,encuentra24,32526151,Tu refugio Familiar a 250m del Mar inversión Inteligente Playa Caracol,,,,,,169000.0,,True,False,False,0,19,https://www.encuentra24.com/panama-es/bienes-raices-venta-de-propiedades-apartamentos/tu-refugio-familiar-a-250m-del-mar-inversion-inteligente-playa-caracol/32526151,"value 15 ($3,366.53/built-m² = 84th pct of global condo, 66 comps) | location 45 (tier-? 30, beachfront +10, DOM 0d +5 fresh) | momentum 50 (sparse zone, no signal) | quality_score 45 (5/11) | weights V0.38 L0.33 M0.24 → 34.8"
78,34.26,13.6,45,50.0,86.4,encuentra24,31380295,Planta Baja con Jardín a pasos de la playa- Playa Caracol,,,,,,251000.0,,True,False,False,0,21,https://www.encuentra24.com/panama-es/bienes-raices-venta-de-propiedades-apartamentos/planta-baja-con-jardin-a-pasos-de-la-playa-playa-caracol/31380295,"value 14 ($3,535.21/built-m² = 86th pct of global condo, 66 comps) | location 45 (tier-? 30, beachfront +10, DOM 0d +5 fresh) | momentum 50 (sparse zone, no signal) | quality_score 45 (5/11) | weights V0.38 L0.33 M0.24 → 34.3"
79,33.82,21.2,35,50.0,78.8,encuentra24,32846007,PH REGALIA - EXCLUSIVO APARTAMENTO AMUEBLADO EN VENTA - de 3 recámaras CON VISTA AL MAR,,,,,,895000.0,,False,False,False,0,20,https://www.encuentra24.com/panama-es/bienes-raices-venta-de-propiedades-apartamentos/ph-regalia-exclusivo-apartamento-amueblado-en-venta-de-3-recamaras-con-vista-al-mar/32846007,"value 21 ($3,118.47/built-m² = 78th pct of global condo, 66 comps) | location 35 (tier-? 30, DOM 0d +5 fresh) | momentum 50 (sparse zone, no signal) | quality_score 45 (5/11) | weights V0.38 L0.33 M0.24 → 33.8"
80,33.69,12.1,45,50.0,87.9,encuentra24,32928611,"TAGUA | frente al mar | 4 recámaras desde $1,223,200",,,,,,1223200.0,,True,False,False,0,15,https://www.encuentra24.com/panama-es/bienes-raices-venta-de-propiedades-apartamentos/tagua-frente-al-mar-4-recamaras-desde-1-223-200/32928611,"value 12 ($3,555.81/built-m² = 87th pct of global condo, 66 comps) | location 45 (tier-? 30, beachfront +10, DOM 0d +5 fresh) | momentum 50 (sparse zone, no signal) | quality_score 45 (5/11) | weights V0.38 L0.33 M0.24 → 33.7"
81,33.24,19.7,35,50.0,80.3,encuentra24,32177961,VENTA DUPLEX EN COCO DEL MAR - PRÓXIMA ENTREGA,,,,,,185000.0,,False,False,False,0,21,https://www.encuentra24.com/panama-es/bienes-raices-venta-de-propiedades-apartamentos/venta-duplex-en-coco-del-mar-proxima-entrega/32177961,"value 20 ($3,303.57/built-m² = 80th pct of global condo, 66 comps) | location 35 (tier-? 30, DOM 0d +5 fresh) | momentum 50 (sparse zone, no signal) | quality_score 45 (5/11) | weights V0.38 L0.33 M0.24 → 33.2"
82,33.16,12.5,43,50.0,87.5,encuentra24,32768409,OCEAN REEF VILLA - PUNTA PACIFICA,,,,,,3900000.0,,True,False,False,35,20,https://www.encuentra24.com/panama-es/bienes-raices-venta-de-propiedades-casas/ocean-reef-villa-punta-pacifica/32768409,"value 12 ($6,093.75/built-m² = 87th pct of global house, 24 comps) | location 43 (tier-? 30, beachfront +10, power +3) | momentum 50 (sparse zone, no signal) | quality_score 45 (5/11) | weights V0.38 L0.33 M0.24 → 33.2"
83,33.11,10.6,45,50.0,89.4,encuentra24,30727345,Venta apto. P.H. THE SANDS - POIN Panamá,,,,,,185000.0,,True,False,False,0,11,https://www.encuentra24.com/panama-es/bienes-raices-venta-de-propiedades-apartamentos/venta-apto-p-h-the-sands-poin-panama/30727345,"value 11 ($3,700.00/built-m² = 89th pct of global condo, 66 comps) | location 45 (tier-? 30, beachfront +10, DOM 0d +5 fresh) | momentum 50 (sparse zone, no signal) | quality_score 45 (5/11) | weights V0.38 L0.33 M0.24 → 33.1"
84,32.66,18.2,35,50.0,81.8,encuentra24,32483852,VENTA DE APARTAMENTO VISTA DIRECTA AL MAR PLAYA CARACOL (26),,,,,,350000.0,,False,False,False,0,21,https://www.encuentra24.com/panama-es/bienes-raices-venta-de-propiedades-apartamentos/venta-de-apartamento-vista-directa-al-mar-playa-caracol-26/32483852,"value 18 ($3,307.82/built-m² = 81th pct of global condo, 66 comps) | location 35 (tier-? 30, DOM 0d +5 fresh) | momentum 50 (sparse zone, no signal) | quality_score 45 (5/11) | weights V0.38 L0.33 M0.24 → 32.7"
85,32.53,9.1,45,50.0,90.9,encuentra24,32450182,Estudio Frente al Mar Llave en Mano en Coronado | PH Coronado Bay,,,,,,174900.0,,True,False,False,0,21,https://www.encuentra24.com/panama-es/bienes-raices-venta-de-propiedades-apartamentos/estudio-frente-al-mar-llave-en-mano-en-coronado-ph-coronado-bay/32450182,"value 9 ($3,721.28/built-m² = 90th pct of global condo, 66 comps) | location 45 (tier-? 30, beachfront +10, DOM 0d +5 fresh) | momentum 50 (sparse zone, no signal) | quality_score 45 (5/11) | weights V0.38 L0.33 M0.24 → 32.5"
86,32.24,8.3,45,50.0,91.7,encuentra24,32610497,Ocean Villa Frente Al Mar - Ocean Reef Islands,,,,,,3999000.0,,True,False,True,34,12,https://www.encuentra24.com/panama-es/bienes-raices-venta-de-propiedades-casas/ocean-villa-frente-al-mar-ocean-reef-islands/32610497,"value 8 ($6,248.44/built-m² = 91th pct of global house, 24 comps) | location 45 (tier-? 30, beachfront +10, repriced +5) | momentum 50 (sparse zone, no signal) | quality_score 45 (5/11) | weights V0.38 L0.33 M0.24 → 32.2"
87,32.09,16.7,35,50.0,83.3,encuentra24,32342933,VILLAS DEL MAR-PLAYA CARACOL,,,,,,211887.0,,False,False,False,0,11,https://www.encuentra24.com/panama-es/bienes-raices-venta-de-propiedades-apartamentos/villas-del-mar-playa-caracol/32342933,"value 17 ($3,314.36/built-m² = 83th pct of global condo, 66 comps) | location 35 (tier-? 30, DOM 0d +5 fresh) | momentum 50 (sparse zone, no signal) | quality_score 45 (5/11) | weights V0.38 L0.33 M0.24 → 32.1"
88,31.96,7.6,45,50.0,92.4,encuentra24,31754422,"Gran Reducción de Precio! Apartamento Frente al Mar en Venta en Playa Caracol, Punta Chame",,,,,,320000.0,,True,False,False,0,20,https://www.encuentra24.com/panama-es/bienes-raices-venta-de-propiedades-apartamentos/gran-reduccion-de-precio-apartamento-frente-al-mar-en-venta-en-playa-caracol-punta-chame/31754422,"value 8 ($4,266.67/built-m² = 92th pct of global condo, 66 comps) | location 45 (tier-? 30, beachfront +10, DOM 0d +5 fresh) | momentum 50 (sparse zone, no signal) | quality_score 45 (5/11) | weights V0.38 L0.33 M0.24 → 32.0"
89,31.22,3.0,48,50.0,97.0,encuentra24,31786847,Se vende apartamento en Ocean Reef,,,,,,1350000.0,,True,False,False,0,21,https://www.encuentra24.com/panama-es/bienes-raices-venta-de-propiedades-apartamentos/se-vende-apartamento-en-ocean-reef/31786847,"value 3 ($7,714.29/built-m² = 96th pct of global condo, 66 comps) | location 48 (tier-? 30, beachfront +10, power +3, DOM 0d +5 fresh) | momentum 50 (sparse zone, no signal) | quality_score 45 (5/11) | weights V0.38 L0.33 M0.24 → 31.2"
90,30.8,4.5,45,50.0,95.5,encuentra24,32858938,VENTA – PH SEASCAPE – OCEAN REEF ISLANDS,,,,,,1500000.0,,True,False,False,0,20,https://www.encuentra24.com/panama-es/bienes-raices-venta-de-propiedades-apartamentos/venta-ph-seascape-ocean-reef-islands/32858938,"value 5 ($7,109.00/built-m² = 95th pct of global condo, 66 comps) | location 45 (tier-? 30, beachfront +10, DOM 0d +5 fresh) | momentum 50 (sparse zone, no signal) | quality_score 45 (5/11) | weights V0.38 L0.33 M0.24 → 30.8"
91,30.42,16.7,30,50.0,83.3,encuentra24,32857047,"Buenaventura – Casa con Piscina – 380mts2 – 1,750,000",,,,,,1750000.0,,False,False,False,26,20,https://www.encuentra24.com/panama-es/bienes-raices-venta-de-propiedades-casas/buenaventura-casa-con-piscina-380mts2-1-750-000/32857047,"value 17 ($4,605.26/built-m² = 83th pct of global house, 24 comps) | location 30 (tier-? 30) | momentum 50 (sparse zone, no signal) | quality_score 45 (5/11) | weights V0.38 L0.33 M0.24 → 30.4"
92,29.65,1.5,45,50.0,98.5,encuentra24,32517399,VENTA APARTAMENTO AMOBLADO OCEAN REEF PH THE PALMS 2 RECAMARAS,,,,,,1145000.0,,True,False,False,0,20,https://www.encuentra24.com/panama-es/bienes-raices-venta-de-propiedades-apartamentos/venta-apartamento-amoblado-ocean-reef-ph-the-palms-2-recamaras/32517399,"value 2 ($7,789.12/built-m² = 98th pct of global condo, 66 comps) | location 45 (tier-? 30, beachfront +10, DOM 0d +5 fresh) | momentum 50 (sparse zone, no signal) | quality_score 45 (5/11) | weights V0.38 L0.33 M0.24 → 29.6"
93,28.99,4.2,40,50.0,95.8,encuentra24,32852701,VILLA DE LUJO OCEAN REEF - PUNTA PACIFICA,,,,,,5000000.0,,True,False,False,26,20,https://www.encuentra24.com/panama-es/bienes-raices-venta-de-propiedades-casas/villa-de-lujo-ocean-reef-punta-pacifica/32852701,"value 4 ($8,264.46/built-m² = 95th pct of global house, 24 comps) | location 40 (tier-? 30, beachfront +10) | momentum 50 (sparse zone, no signal) | quality_score 45 (5/11) | weights V0.38 L0.33 M0.24 → 29.0"
